姓名,帳號,密碼
姚元萍,surrenders123,pN4U2xeRhZ
田信,ALD24556,s7rP2oikNS
林雯蓉,BARNE285,fehcS
楊嘉永,swims067,sTjt2E4Asp
段維維,sun14311,bWflgey96s
鄒永,BE19561,aGydU
武永政,rainbows7,df6l4
賀瑞,JARO2948,HROZ5SMUrW
史哲宏,flashlights87775,DJlYVE2ixZ
胡偉,HOUSTO8,GbgY7
馮敏志,spools3,kUmVLhtfVz
袁琪,TYRON58,wfzCSZzk1w
馬伶立,trouble77224,Xytjj
夏玲,clothing67,C0TEXo9Xfz
範孟青,ELVI862,DCUH05Eyat
汪盈憲,JOSHU71,hTxmi1SwXQ
顧俊,gangway4,3qJ8y
葉心佩,acquisitions43,vaBdk
林成政,MORTO41026,GwvJo5GpHM
方永,FRIT499,BkZfrNgzyy
段彬,cents9175,sjPTsmiJe2
魏元榮,appropriations9440,XcUnq
鄧祥豪,ARNOLD2775,k0j6GIkiow
顧建,chairpersons59775,GUHyH
段瑜,AURELI805,y1Aaqs22i0
鐘鈴,LYNWOO35,hdWjsmRyhZ
徐儀豪,embosses8,gHMtc
董憲淑,technician1584,DB1nSpod3i
鄭成,JOE2519,PdoR6tvUc6
蘇志,GIN18416,9W5zp4rzua
丁貞立,CHARLE21496,rq2CX
鄒貞正,HERMA99135,YR9Kt5Wh5z
李韻,spot8895,3yBNDofbkj
金美,JAVIE73396,gKWIUWKUMI
林裕,flicker78,DCzMQ
譚怡,FELTO1352,TkYFSraCbk
吳志如,requisitions713,ogjA8
邵智,PRINC2,1b5dC1YkBT
邱哲,JEREMIA9762,dPIY6
張淑,jackbox61,kF0Ec
史心,buds0907,S6TZMRIfyg
萬怡柏,MONRO0063,8taVIiLRcL
馮立榮,LE9021,lB381qIUJ2
範伶,packs7888,RJsV7
郭政,CARLO44587,CA4Jg
馬強民,berthings58229,fvQL97hkUx
嚴鈴瑋,EMMANUE13,HIUMq
陳俊豪,BENNI39,T6d43
薛麗,CLAUDI486,6RQJTEK6XG
林瑞良,SANTIAG76102,rHxVaytwdx
孟祥國,CLAUDI04,VoPxU
程豪,BRYC27978,VoJE9
潘欣娟,reading5,w4qBnQ5SCx
謝德盈,solvent7,ely1k
黃孟信,tenths01,xQH256yM9v
廖昌瑩,MAXWEL96237,f0ESEsZPrf
梁宗彬,MIK57825,yQBKv
彭榮,models19711,K8j7i
楊貞,JULI1,xlyMoXOsPY
康欣貞,mix2928,GpK3V
魏蓉正,classroom9,uLAEO
熊凱榮,BARR95,Vfy4U
於明,KEVE82,3XeoN
彭彥,RANDEL301,6IPU43gsp5
鄧淑,thins9654,SnRlh
曾偉,SPENCE3111,OfQzzWVkqi
尹裕,AHMA4388,1DOrTzH58v
段宇,tapes88,UU5Ia
曾國聖,JAIM9188,NKdiNUsv2H
錢強,contraband53540,IthvC
馬韻,PERR54013,1t9He
陸儀,cubes0530,jMp0P
曾強,TONE629,5YZpZ
汪雅,JOE41634,iGiUb
趙龍,BRIC6286,TCMGkxDjnG
唐祥,text1689,ZjrYd
於穎芬,DIC38007,Px70c
於賢靜,bills4,oOBGjPSIiD
龍敏龍,platter03460,swfPGh7kae
施哲,KASE980,vULUr
魏佩,HERBER4,nN8fGmVlcE
張元,triangles3707,3726ZwfPig
傅韻,BRYA324,ITePLQmAKH
馮真賢,vol.2,6iUh3
程立,solders44,66WjpGgaMt
鄒裕,PATRIC5469,YiwkT
彭敏秀,HER22933,wLQBS
黃君,look290,9obLj
徐忠,wound2721,387MNAHP92
趙冠,train9,cPqXS2OOLR
龔淑,additives81960,ADdmZfj2ws
黃世,bang74,PRiPi
牛秋,ROYA255,Q1BLrF2tc8
李瑋,GU61,vOYQh
馮冠智,PERR34935,ojMKi
譚琪,moss46442,oXlU97XRyF
秦芬,character26995,OY7EfJNPsz
邵倫立,DAMIO3442,I6c1dKjJ0C
高憲,rescuers243,q3pIT
萬昌,ALPHONS0196,nNsSF
